hello,hi,how are you?
hello,hi,how are you?
hello,hi,how are you?
hello,hi,how are you?
hello,hi,how are you?
hello,hi,how are you?
hello,hi,how are you?
hello,hi,how are you?
hello,hi,how are you?
hello,hi,how are you?
hello,hi,how are you?
hello,hi,how are you?
hello,hi,how are you?
hello,hi,how are you?
hello,hi,how are you?
hello,hi,how are you?
hello,hi
hello,hi
hello,hi
hello,hi
hello,hi
hello,hi
hello,hi
hello,hi
hello,hi
hello,hi
hello,hi
hello,hi
hello,hi
hello,hi
hello,hi
hello,hi
hello,hi
hello,hi
hello,hi
hello,hi
